id,index,basename,id,track_fn
71A9,99,track-71A9.csv,71A9,track-71A9.csv
71AA,170,track-71AA.csv,71AA,track-71AA.csv
71B5,120,track-71B5.csv,71B5,track-71B5.csv
7249,180,track-7249.csv,7249,track-7249.csv
7253,68,track-7253.csv,7253,track-7253.csv
7256,14,track-7256.csv,7256,track-7256.csv
7259,121,track-7259.csv,7259,track-7259.csv
725B,101,track-725B.csv,725B,track-725B.csv
7265,183,track-7265.csv,7265,track-7265.csv
7269,137,track-7269.csv,7269,track-7269.csv
7275,109,track-7275.csv,7275,track-7275.csv
7289,15,track-7289.csv,7289,track-7289.csv
728D,48,track-728D.csv,728D,track-728D.csv
729A,39,track-729A.csv,729A,track-729A.csv
72AF,34,track-72AF.csv,72AF,track-72AF.csv
72CA,185,track-72CA.csv,72CA,track-72CA.csv
72D1,33,track-72D1.csv,72D1,track-72D1.csv
72ED,163,track-72ED.csv,72ED,track-72ED.csv
732B,161,track-732B.csv,732B,track-732B.csv
734D,105,track-734D.csv,734D,track-734D.csv
7415,24,track-7415.csv,7415,track-7415.csv
7435,136,track-7435.csv,7435,track-7435.csv
7454,43,track-7454.csv,7454,track-7454.csv
746D,145,track-746D.csv,746D,track-746D.csv
748B,6,track-748B.csv,748B,track-748B.csv
7492,94,track-7492.csv,7492,track-7492.csv
7499,150,track-7499.csv,7499,track-7499.csv
74A1,8,track-74A1.csv,74A1,track-74A1.csv
74A8,164,track-74A8.csv,74A8,track-74A8.csv
74AB,176,track-74AB.csv,74AB,track-74AB.csv
74AD,1,track-74AD.csv,74AD,track-74AD.csv
74B3,189,track-74B3.csv,74B3,track-74B3.csv
74B4,149,track-74B4.csv,74B4,track-74B4.csv
74B5,139,track-74B5.csv,74B5,track-74B5.csv
74B7,57,track-74B7.csv,74B7,track-74B7.csv
74C9,30,track-74C9.csv,74C9,track-74C9.csv
74CA,172,track-74CA.csv,74CA,track-74CA.csv
74CB,66,track-74CB.csv,74CB,track-74CB.csv
74D2,146,track-74D2.csv,74D2,track-74D2.csv
74DD,165,track-74DD.csv,74DD,track-74DD.csv
74EB,40,track-74EB.csv,74EB,track-74EB.csv
7522,58,track-7522.csv,7522,track-7522.csv
7526,186,track-7526.csv,7526,track-7526.csv
7528,95,track-7528.csv,7528,track-7528.csv
752B,20,track-752B.csv,752B,track-752B.csv
7532,106,track-7532.csv,7532,track-7532.csv
7545,70,track-7545.csv,7545,track-7545.csv
754F,81,track-754F.csv,754F,track-754F.csv
7555,131,track-7555.csv,7555,track-7555.csv
7557,114,track-7557.csv,7557,track-7557.csv
755B,12,track-755B.csv,755B,track-755B.csv
755E,36,track-755E.csv,755E,track-755E.csv
7563,97,track-7563.csv,7563,track-7563.csv
7566,10,track-7566.csv,7566,track-7566.csv
7567,2,track-7567.csv,7567,track-7567.csv
7571,142,track-7571.csv,7571,track-7571.csv
7577,26,track-7577.csv,7577,track-7577.csv
7585,148,track-7585.csv,7585,track-7585.csv
758A,9,track-758A.csv,758A,track-758A.csv
758D,158,track-758D.csv,758D,track-758D.csv
7593,84,track-7593.csv,7593,track-7593.csv
7599,144,track-7599.csv,7599,track-7599.csv
75A2,16,track-75A2.csv,75A2,track-75A2.csv
75B3,51,track-75B3.csv,75B3,track-75B3.csv
75B6,71,track-75B6.csv,75B6,track-75B6.csv
75B7,69,track-75B7.csv,75B7,track-75B7.csv
75BA,5,track-75BA.csv,75BA,track-75BA.csv
75C5,152,track-75C5.csv,75C5,track-75C5.csv
75C9,108,track-75C9.csv,75C9,track-75C9.csv
75D3,74,track-75D3.csv,75D3,track-75D3.csv
75D5,85,track-75D5.csv,75D5,track-75D5.csv
7615,113,track-7615.csv,7615,track-7615.csv
7629,133,track-7629.csv,7629,track-7629.csv
762D,73,track-762D.csv,762D,track-762D.csv
7652,135,track-7652.csv,7652,track-7652.csv
7653,143,track-7653.csv,7653,track-7653.csv
7657,21,track-7657.csv,7657,track-7657.csv
7659,63,track-7659.csv,7659,track-7659.csv
7689,78,track-7689.csv,7689,track-7689.csv
768A,132,track-768A.csv,768A,track-768A.csv
768D,118,track-768D.csv,768D,track-768D.csv
7692,124,track-7692.csv,7692,track-7692.csv
7696,75,track-7696.csv,7696,track-7696.csv
7699,31,track-7699.csv,7699,track-7699.csv
769A,129,track-769A.csv,769A,track-769A.csv
769B,64,track-769B.csv,769B,track-769B.csv
76A7,52,track-76A7.csv,76A7,track-76A7.csv
76AD,171,track-76AD.csv,76AD,track-76AD.csv
76AE,162,track-76AE.csv,76AE,track-76AE.csv
76AF,187,track-76AF.csv,76AF,track-76AF.csv
76B1,160,track-76B1.csv,76B1,track-76B1.csv
76B6,154,track-76B6.csv,76B6,track-76B6.csv
76B7,18,track-76B7.csv,76B7,track-76B7.csv
76B9,76,track-76B9.csv,76B9,track-76B9.csv
76BD,4,track-76BD.csv,76BD,track-76BD.csv
76CB,127,track-76CB.csv,76CB,track-76CB.csv
76D3,89,track-76D3.csv,76D3,track-76D3.csv
76D9,182,track-76D9.csv,76D9,track-76D9.csv
76DA,107,track-76DA.csv,76DA,track-76DA.csv
76DB,93,track-76DB.csv,76DB,track-76DB.csv
76EB,169,track-76EB.csv,76EB,track-76EB.csv
7715,32,track-7715.csv,7715,track-7715.csv
772A,83,track-772A.csv,772A,track-772A.csv
7755,188,track-7755.csv,7755,track-7755.csv
775A,88,track-775A.csv,775A,track-775A.csv
77A5,60,track-77A5.csv,77A5,track-77A5.csv
77AA,55,track-77AA.csv,77AA,track-77AA.csv
77B5,96,track-77B5.csv,77B5,track-77B5.csv
7895,102,track-7895.csv,7895,track-7895.csv
78AB,128,track-78AB.csv,78AB,track-78AB.csv
78B5,54,track-78B5.csv,78B5,track-78B5.csv
792B,184,track-792B.csv,792B,track-792B.csv
794A,67,track-794A.csv,794A,track-794A.csv
794B,110,track-794B.csv,794B,track-794B.csv
794D,177,track-794D.csv,794D,track-794D.csv
7954,119,track-7954.csv,7954,track-7954.csv
796D,90,track-796D.csv,796D,track-796D.csv
7975,115,track-7975.csv,7975,track-7975.csv
79AB,61,track-79AB.csv,79AB,track-79AB.csv
7A2D,112,track-7A2D.csv,7A2D,track-7A2D.csv
7A49,117,track-7A49.csv,7A49,track-7A49.csv
7A51,91,track-7A51.csv,7A51,track-7A51.csv
7A52,140,track-7A52.csv,7A52,track-7A52.csv
7A54,45,track-7A54.csv,7A54,track-7A54.csv
7A69,0,track-7A69.csv,7A69,track-7A69.csv
7A6A,123,track-7A6A.csv,7A6A,track-7A6A.csv
7A85,80,track-7A85.csv,7A85,track-7A85.csv
7A95,46,track-7A95.csv,7A95,track-7A95.csv
7A96,25,track-7A96.csv,7A96,track-7A96.csv
7A99,122,track-7A99.csv,7A99,track-7A99.csv
7AA3,178,track-7AA3.csv,7AA3,track-7AA3.csv
7AAD,168,track-7AAD.csv,7AAD,track-7AAD.csv
7AB2,49,track-7AB2.csv,7AB2,track-7AB2.csv
7AB5,179,track-7AB5.csv,7AB5,track-7AB5.csv
7AC5,37,track-7AC5.csv,7AC5,track-7AC5.csv
7ACD,82,track-7ACD.csv,7ACD,track-7ACD.csv
7AD7,17,track-7AD7.csv,7AD7,track-7AD7.csv
7AD9,22,track-7AD9.csv,7AD9,track-7AD9.csv
7ADB,27,track-7ADB.csv,7ADB,track-7ADB.csv
7AE5,173,track-7AE5.csv,7AE5,track-7AE5.csv
7AE9,44,track-7AE9.csv,7AE9,track-7AE9.csv
7AED,116,track-7AED.csv,7AED,track-7AED.csv
7AF5,35,track-7AF5.csv,7AF5,track-7AF5.csv
7B25,159,track-7B25.csv,7B25,track-7B25.csv
7B2B,92,track-7B2B.csv,7B2B,track-7B2B.csv
7B45,86,track-7B45.csv,7B45,track-7B45.csv
7B49,41,track-7B49.csv,7B49,track-7B49.csv
7B4B,56,track-7B4B.csv,7B4B,track-7B4B.csv
7B4D,104,track-7B4D.csv,7B4D,track-7B4D.csv
7B51,59,track-7B51.csv,7B51,track-7B51.csv
7B56,3,track-7B56.csv,7B56,track-7B56.csv
7B5A,42,track-7B5A.csv,7B5A,track-7B5A.csv
7B65,103,track-7B65.csv,7B65,track-7B65.csv
7B6A,167,track-7B6A.csv,7B6A,track-7B6A.csv
7B75,47,track-7B75.csv,7B75,track-7B75.csv
7BA9,7,track-7BA9.csv,7BA9,track-7BA9.csv
7BD5,72,track-7BD5.csv,7BD5,track-7BD5.csv
7C55,62,track-7C55.csv,7C55,track-7C55.csv
7CA5,13,track-7CA5.csv,7CA5,track-7CA5.csv
7CA9,53,track-7CA9.csv,7CA9,track-7CA9.csv
7CAB,19,track-7CAB.csv,7CAB,track-7CAB.csv
7CB5,11,track-7CB5.csv,7CB5,track-7CB5.csv
7D25,38,track-7D25.csv,7D25,track-7D25.csv
7D29,134,track-7D29.csv,7D29,track-7D29.csv
7D49,147,track-7D49.csv,7D49,track-7D49.csv
7D4D,100,track-7D4D.csv,7D4D,track-7D4D.csv
7D53,28,track-7D53.csv,7D53,track-7D53.csv
7D55,126,track-7D55.csv,7D55,track-7D55.csv
7D56,151,track-7D56.csv,7D56,track-7D56.csv
7D57,65,track-7D57.csv,7D57,track-7D57.csv
7D59,79,track-7D59.csv,7D59,track-7D59.csv
7D5A,23,track-7D5A.csv,7D5A,track-7D5A.csv
7D65,190,track-7D65.csv,7D65,track-7D65.csv
7DAB,50,track-7DAB.csv,7DAB,track-7DAB.csv
7DB5,156,track-7DB5.csv,7DB5,track-7DB5.csv
7DD5,130,track-7DD5.csv,7DD5,track-7DD5.csv
7EAA,153,track-7EAA.csv,7EAA,track-7EAA.csv
7EAB,174,track-7EAB.csv,7EAB,track-7EAB.csv
80AA,155,track-80AA.csv,80AA,track-80AA.csv
8255,175,track-8255.csv,8255,track-8255.csv
8292,138,track-8292.csv,8292,track-8292.csv
8294,111,track-8294.csv,8294,track-8294.csv
82A4,77,track-82A4.csv,82A4,track-82A4.csv
82AE,29,track-82AE.csv,82AE,track-82AE.csv
82BA,125,track-82BA.csv,82BA,track-82BA.csv
82D2,181,track-82D2.csv,82D2,track-82D2.csv
82D5,98,track-82D5.csv,82D5,track-82D5.csv
834A,87,track-834A.csv,834A,track-834A.csv
836A,166,track-836A.csv,836A,track-836A.csv
83AA,141,track-83AA.csv,83AA,track-83AA.csv
844A,157,track-844A.csv,844A,track-844A.csv
